TimeSec,BandwidthMbps
1.0,59828.90
1.0,59368.88
1.0,59451.06
1.0,60006.53
1.0,59533.46
1.0,59538.62
1.0,60027.50
1.0,59138.96
1.0,59471.64
1.0,59834.11
1.0,59813.28
1.0,58991.74
1.0,58784.84
1.0,59834.11
1.0,59724.91
1.0,59425.35
1.0,59471.64
1.0,59834.11
1.1,59179.71
1.1,59348.37
1.1,59896.69
1.1,59389.40
1.1,59327.87
1.1,59154.24
1.1,56373.65
1.1,57952.00
1.1,57771.73
1.1,57275.78
1.1,57476.98
1.1,57166.19
1.1,57893.41
1.1,57810.61
1.1,57834.94
1.1,57732.90
1.1,57732.90
2.0,131570.89
2.0,135061.86
2.0,136727.97
2.0,130869.31
2.0,137741.99
2.0,135194.72
2.0,127778.87
2.0,135088.42
2.0,129953.62
2.0,129171.95
2.0,135301.19
2.0,134533.04
2.0,131798.00
2.0,135407.84
2.0,132739.96
2.0,137192.01
2.0,134217.73
2.0,135407.84
2.0,135514.65
2.0,133151.48
2.0,138547.33
2.0,135194.72
2.0,124379.14
2.0,132637.48
2.0,136755.18
2.0,118318.66
2.0,137411.47
2.0,136973.24
2.0,132945.40
2.0,133669.47
2.0,131899.19
2.0,128160.16
2.0,137493.95
2.0,134112.95
2.0,136619.24
2.0,130969.08
2.0,132509.60
2.0,127873.98
2.0,124559.50
2.1,114915.51
2.1,78545.52
2.1,58679.43
2.1,120602.80
2.1,120349.35
2.1,124266.68
2.1,129953.62
2.1,134638.47
2.1,122016.12
2.1,59724.91
2.1,80354.86
2.1,128471.63
2.1,129757.32
2.1,90005.86
2.1,138185.15
2.1,138407.81
2.1,134322.67
2.1,132714.32
2.1,134008.34
2.1,128857.07
2.1,132611.88
2.1,138212.95
2.1,129953.62
2.1,137521.47
2.1,138547.33
2.1,127873.98
2.1,135088.42
2.1,135061.86
2.1,136402.30
2.1,132509.60
2.1,136402.30
2.1,138324.23
2.1,131269.30
2.1,132714.32
2.1,135301.19
3.0,131269.30
3.0,137631.64
3.0,137852.51
3.0,132509.60
3.0,136510.68
3.0,134008.34
3.0,128953.79
3.0,138995.71
3.0,125469.19
3.0,128760.50
3.0,132611.88
3.0,135836.09
3.0,125583.84
3.0,137082.54
3.0,136078.17
3.0,135274.56
3.0,135088.42
3.0,134744.07
3.0,137384.00
3.0,135194.72
3.0,121134.28
3.0,127281.86
3.0,125767.71
3.0,129463.97
3.0,131369.67
3.0,128857.07
3.0,133461.79
3.0,131269.30
3.0,126438.78
3.0,138324.23
3.0,138212.95
3.0,129171.95
3.0,138212.95
3.0,137990.92
3.0,130570.92
3.0,136836.87
3.0,132945.40
3.0,132305.50
3.0,136945.95
3.1,134322.67
3.1,136727.97
3.1,128279.78
3.1,137990.92
3.1,138324.23
3.1,124649.88
3.1,138185.15
3.1,138547.33
3.1,130670.24
3.1,136619.24
3.1,136294.08
3.1,131169.07
3.1,136945.95
3.1,126044.53
3.1,132203.69
3.1,137082.54
3.1,136402.30
3.1,133254.75
3.1,135514.65
3.1,136755.18
3.1,138324.23
3.1,125975.21
3.1,137301.65
3.1,119929.28
3.1,129953.62
3.1,138324.23
3.1,137384.00
3.1,126625.16
3.1,136619.24
3.1,127778.87
3.1,132714.32
3.1,138185.15
3.1,135514.65
3.1,132203.69
3.1,136375.23
3.1,136945.95
3.1,130869.31
3.1,126812.10
3.1,137301.65
3.1,137963.21
4.0,59072.88
4.0,59471.64
4.0,59621.27
4.0,58991.74
4.0,56816.43
4.0,56466.29
4.0,57592.59
4.0,58010.70
4.0,57554.00
4.0,57161.43
4.0,58664.40
4.0,57674.76
4.0,57042.81
4.0,57554.00
4.0,58256.59
4.0,56299.75
4.0,57515.46
4.1,57655.40
4.1,58454.81
4.1,56774.19
4.1,56792.96
4.1,58355.53
4.1,58113.72
4.1,58454.81
4.1,58784.84
4.1,59307.39
4.1,57534.73
4.1,57438.55
4.1,58172.76
4.1,58459.78
4.1,57218.55
4.1,57380.99
4.1,58049.90
4.1,56891.69
5.0,133358.19
5.0,122647.65
5.0,115223.80
5.0,121219.75
5.0,122363.74
5.0,122823.01
5.0,124379.14
5.0,132842.60
5.0,132407.47
5.0,123087.01
5.0,130150.52
5.0,121476.89
5.0,128567.78
5.0,132945.40
5.0,131696.97
5.0,128279.78
5.0,132739.96
5.0,131696.97
5.0,122016.12
5.0,125583.84
5.0,132714.32
5.0,127281.86
5.0,131369.67
5.0,132407.47
5.0,124559.50
5.0,129953.62
5.0,129244.83
5.0,123818.88
5.0,133151.48
5.0,132739.96
5.0,131495.36
5.0,123908.18
5.0,119408.30
5.0,119824.72
5.0,119242.54
5.0,121305.34
5.0,119242.54
5.0,112305.08
5.1,121756.69
5.1,122102.84
5.1,80307.91
5.1,60503.15
5.1,57376.20
5.1,57694.13
5.1,122189.68
5.1,120286.15
5.1,123818.88
5.1,115767.31
5.1,122998.88
5.1,113267.64
5.1,117248.72
5.1,118237.23
5.1,115630.96
5.1,119056.61
5.1,115146.58
5.1,119325.36
5.1,121048.93
5.1,122102.84
5.1,120942.41
5.1,124176.86
5.1,124446.72
5.1,116592.26
5.1,118400.20
5.1,119077.24
5.1,120454.82
5.1,120180.97
5.1,120857.33
5.1,114838.70
5.1,117009.16
6.0,127589.08
6.0,131470.21
6.0,125492.11
6.0,130969.08
6.0,128351.66
6.0,135407.84
6.0,126905.77
6.0,135407.84
6.0,129050.66
6.0,122189.68
6.0,128760.50
6.0,123263.64
6.0,126905.77
6.0,132229.13
6.0,132432.99
6.0,125126.51
6.0,128471.63
6.0,128375.63
6.0,128857.07
6.0,126625.16
6.0,132509.60
6.0,127565.39
6.0,132407.47
6.0,128567.78
6.0,130273.89
6.0,129757.32
6.0,135514.65
6.0,125103.73
6.0,134322.67
6.0,135194.72
6.0,131470.21
6.0,124266.68
6.0,122016.12
6.0,129537.19
6.0,128160.16
6.0,126812.10
6.0,132000.53
6.0,127969.23
6.1,130052.00
6.1,131069.00
6.1,125952.12
6.1,132509.60
6.1,128064.62
6.1,128953.79
6.1,128543.73
6.1,122998.88
6.1,127683.90
6.1,129561.61
6.1,130446.99
6.1,125859.85
6.1,128857.07
6.1,129757.32
6.1,124740.38
6.1,125194.89
6.1,125377.63
6.1,123618.41
6.1,124831.02
6.1,125377.63
6.1,124649.88
6.1,125217.71
6.1,125400.50
6.1,119242.54
6.1,125194.89
6.1,129659.39
6.1,131269.30
6.1,123263.64
6.1,132305.50
6.1,128255.84
6.1,132637.48
6.1,130670.24
6.1,123729.70
6.1,129147.67
6.1,132203.69
6.1,128567.78
6.1,125492.11
6.1,131873.88
7.0,57592.59
7.0,57142.42
7.0,55463.66
7.0,56545.28
7.0,54016.25
7.0,76781.54
7.0,100101.20
7.0,99047.96
7.0,100232.61
7.0,99506.92
7.0,129342.14
7.0,128953.79
7.0,135407.84
7.0,119845.62
7.0,125652.73
7.0,131069.00
7.0,127683.90
7.0,131596.09
7.0,132535.15
7.0,128255.84
7.0,130076.62
7.0,131798.00
7.0,127281.86
7.0,127565.39
7.0,131798.00
7.0,122888.91
7.0,131899.19
7.0,129732.82
7.0,126905.77
7.1,124087.17
7.1,131169.07
7.1,129074.90
7.1,131495.36
7.1,131596.09
7.1,121907.89
7.1,131696.97
7.1,130769.70
7.1,123087.01
7.1,125652.73
7.1,131798.00
7.1,127399.85
7.1,132102.03
7.1,126345.79
7.1,122647.65
7.1,125286.19
7.1,128351.66
7.1,122560.15
7.1,131696.97
7.1,131798.00
7.1,127969.23
7.1,132229.13
7.1,127589.08
7.1,125012.69
7.1,128088.49
7.1,132203.69
7.1,124831.02
7.1,129050.66
7.1,126812.10
7.1,126812.10
7.1,125194.89
7.1,124740.38
7.1,123087.01
7.1,125194.89
7.1,125492.11
7.1,124289.16
7.1,125217.71
7.1,125400.50
8.0,115943.10
8.0,123087.01
8.0,118891.83
8.0,115553.18
8.0,121134.28
8.0,116178.32
8.0,108304.93
8.0,112012.19
8.0,108390.34
8.0,122102.84
8.0,115786.82
8.0,115962.67
8.0,121843.04
8.0,116099.81
8.0,116276.61
8.0,123997.61
8.0,120878.59
8.0,118727.50
8.0,122450.96
8.0,118481.86
8.0,64525.33
8.0,85996.09
8.0,94524.73
8.0,93572.27
8.0,94733.22
8.0,93572.27
8.0,94317.15
8.0,125309.04
8.0,124087.17
8.0,125583.84
8.0,125400.50
8.0,124831.02
8.1,125012.69
8.1,125286.19
8.1,123818.88
8.1,125583.84
8.1,125469.19
8.1,124469.26
8.1,124379.14
8.1,123818.88
8.1,124649.88
8.1,124469.26
8.1,125126.51
8.1,124831.02
8.1,124831.02
8.1,125012.69
8.1,110445.96
8.1,117811.55
8.1,124921.79
8.1,123997.61
8.1,125012.69
8.1,119242.54
8.1,119408.30
8.1,125126.51
8.1,101867.00
8.1,108390.34
8.1,118830.15
8.1,118400.20
8.1,118727.50
8.1,119824.72
8.1,118400.20
8.1,119595.33
8.1,119325.36
8.1,118155.91
8.1,118748.02
8.1,115553.18
8.1,121843.04
8.1,120075.97
9.0,122735.27
9.0,122823.01
9.0,123285.75
9.0,107626.43
9.0,104010.11
9.0,104278.42
9.0,113286.31
9.0,123263.64
9.0,121241.14
9.0,121305.34
9.0,123263.64
9.0,121929.52
9.0,123551.74
9.0,123440.77
9.0,122016.12
9.0,122998.88
9.0,123352.14
9.0,122016.12
9.0,125400.50
9.0,120096.95
9.0,121219.75
9.0,123462.95
9.0,123796.57
9.0,122276.65
9.0,122735.27
9.0,122189.68
9.0,120623.97
9.0,123263.64
9.0,122647.65
9.0,123197.34
9.0,123285.75
9.0,122385.53
9.0,123352.14
9.0,123551.74
9.0,120265.10
9.0,123729.70
9.1,122560.15
9.1,119845.62
9.1,101987.94
9.1,105511.25
9.1,99810.42
9.1,102428.79
9.1,99219.57
9.1,100894.84
9.1,117650.19
9.1,117670.34
9.1,118645.51
9.1,119908.35
9.1,111178.57
9.1,101311.33
9.1,101191.98
9.1,102367.76
9.1,100467.07
9.1,101058.05
9.1,122450.96
9.1,122363.74
9.1,123352.14
9.1,122450.96
9.1,115553.18
9.1,106525.31
9.1,122647.65
9.1,115243.13
9.1,121134.28
9.1,116909.62
9.1,102612.33
9.1,106790.17
9.1,100159.56
9.1,101251.62
9.1,100408.35
10.0,123818.88
10.0,124649.88
10.0,122211.41
10.0,123818.88
10.0,124176.86
10.0,124019.99
10.0,125012.69
10.0,124266.68
10.0,124266.68
10.0,120793.60
10.0,124831.02
10.0,118974.16
10.0,124649.88
10.0,124740.38
10.0,124176.86
10.0,124356.64
10.0,124921.79
10.0,123551.74
10.0,123818.88
10.0,124831.02
10.0,123818.88
10.0,124649.88
10.0,124379.14
10.0,123285.75
10.0,124649.88
10.0,124176.86
10.0,123618.41
10.0,123640.66
10.0,124831.02
10.0,123263.64
10.0,124649.88
10.0,124740.38
10.0,123908.18
10.0,124559.50
10.0,125126.51
10.0,122910.89
10.1,124266.68
10.1,124831.02
10.1,124109.58
10.1,124649.88
10.1,124446.72
10.1,124176.86
10.1,124176.86
10.1,124808.35
10.1,121584.35
10.1,124559.50
10.1,125217.71
10.1,120623.97
10.1,124379.14
10.1,124921.79
10.1,121219.75
10.1,124266.68
10.1,124831.02
10.1,120349.35
10.1,125012.69
10.1,120687.53
10.1,123440.77
10.1,124356.64
10.1,124087.17
10.1,124740.38
10.1,124831.02
10.1,124087.17
10.1,124446.72
10.1,124649.88
10.1,123197.34
10.1,124831.02
10.1,125012.69
10.1,124019.99
10.1,124176.86
10.1,123818.88
10.1,124087.17
10.1,124199.31
10.1,124379.14
11.0,57655.40
11.0,59409.94
11.0,57893.41
11.0,56526.67
11.0,54878.99
11.0,56452.38
11.0,55099.00
11.0,56470.93
11.0,57142.42
11.0,56470.93
11.0,57357.05
11.0,57539.54
11.0,56508.08
11.0,57893.41
11.0,58089.16
11.0,56111.27
11.1,57893.41
11.1,57791.17
11.1,57674.76
11.1,56299.75
11.1,58579.39
11.1,56545.28
11.1,57713.51
11.1,56244.46
11.1,58296.13
11.1,57534.73
11.1,56147.95
11.1,57419.35
11.1,58375.36
11.1,56318.21
11.1,56661.84
11.1,57854.42
11.1,57810.61
12.0,124379.14
12.0,125400.50
12.0,125286.19
12.0,124356.64
12.0,125194.89
12.0,125286.19
12.0,123529.53
12.0,124266.68
12.0,125103.73
12.0,122189.68
12.0,125103.73
12.0,120793.60
12.0,124536.93
12.0,125194.89
12.0,124536.93
12.0,123818.88
12.0,124469.26
12.0,125377.63
12.0,124176.86
12.0,125400.50
12.0,123529.53
12.0,123729.70
12.0,124921.79
12.0,125767.71
12.0,124831.02
12.0,125859.85
12.0,125377.63
12.0,124087.17
12.0,124921.79
12.0,125217.71
12.0,124559.50
12.0,122016.12
12.0,125469.19
12.0,124559.50
12.0,125126.51
12.0,125492.11
12.0,121048.93
12.1,125492.11
12.1,125309.04
12.1,124289.16
12.1,124831.02
12.1,125583.84
12.1,121756.69
12.1,125492.11
12.1,123729.70
12.1,127305.44
12.1,128664.06
12.1,129439.59
12.1,122189.68
12.1,128543.73
12.1,128447.62
12.1,122735.27
12.1,123109.06
12.1,130570.92
12.1,129074.90
12.1,131696.97
12.1,125744.70
12.1,124176.86
12.1,128953.79
12.1,126044.53
12.1,123087.01
12.1,128857.07
12.1,131696.97
12.1,127494.39
12.1,129634.93
12.1,130348.02
12.1,122735.27
12.1,127211.18
12.1,128953.79
12.1,124740.38
12.1,122735.27
12.1,125286.19
12.1,119992.10
12.1,125675.71
12.1,125400.50
13.0,121670.46
13.0,125012.69
13.0,124627.27
13.0,121756.69
13.0,125400.50
13.0,125309.04
13.0,121929.52
13.0,125012.69
13.0,125560.89
13.0,120433.71
13.0,125194.89
13.0,125194.89
13.0,121929.52
13.0,125012.69
13.0,125492.11
13.0,120878.59
13.0,125492.11
13.0,125194.89
13.0,120963.70
13.0,125103.73
13.0,125675.71
13.0,123908.18
13.0,125377.63
13.0,125583.84
13.0,123997.61
13.0,124559.50
13.0,125400.50
13.0,122735.27
13.0,125469.19
13.0,125492.11
13.0,124559.50
13.0,125035.44
13.0,123818.88
13.0,125103.73
13.0,125583.84
13.0,124831.02
13.0,125400.50
13.1,124944.50
13.1,121048.93
13.1,125767.71
13.1,125952.12
13.1,120878.59
13.1,125012.69
13.1,125194.89
13.1,121562.85
13.1,125194.89
13.1,125675.71
13.1,121929.52
13.1,125469.19
13.1,125286.19
13.1,120013.06
13.1,125675.71
13.1,125194.89
13.1,122538.30
13.1,125675.71
13.1,124559.50
13.1,122298.41
13.1,125492.11
13.1,124717.74
13.1,124559.50
13.1,125583.84
13.1,125103.73
13.1,123640.66
13.1,125675.71
13.1,124559.50
13.1,123640.66
13.1,125377.63
13.1,124831.02
13.1,123729.70
13.1,125469.19
13.1,125583.84
13.1,124559.50
13.1,125560.89
13.1,125103.73
14.0,118318.66
14.0,119574.52
14.0,119574.52
14.0,118727.50
14.0,119908.35
14.0,119908.35
14.0,118645.51
14.0,119908.35
14.0,118237.23
14.0,119929.28
14.0,118135.60
14.0,118481.86
14.0,119325.36
14.0,119845.62
14.0,118074.70
14.0,119242.54
14.0,120096.95
14.0,118481.86
14.0,119992.10
14.0,119678.64
14.0,118727.50
14.0,120180.97
14.0,119678.64
14.0,118400.20
14.0,119845.62
14.0,119408.30
14.0,112673.35
14.0,118809.61
14.0,119077.24
14.0,119325.36
14.0,119159.83
14.0,117912.62
14.0,116276.61
14.0,124649.88
14.0,124109.58
14.1,124559.50
14.1,125126.51
14.1,123729.70
14.1,124379.14
14.1,124109.58
14.1,123640.66
14.1,124469.26
14.1,127281.86
14.1,126812.10
14.1,131798.00
14.1,130546.12
14.1,124649.88
14.1,132000.53
14.1,132000.53
14.1,128160.16
14.1,127305.44
14.1,127023.06
14.1,126531.90
14.1,125492.11
14.1,125194.89
14.1,124536.93
14.1,125012.69
14.1,125126.51
14.1,124559.50
14.1,125469.19
14.1,125103.73
14.1,125767.71
14.1,129855.40
14.1,128953.79
14.1,125286.19
14.1,131570.89
14.1,128567.78
14.1,125309.04
14.1,129366.48
14.1,128664.06
14.1,129953.62
14.1,131696.97
14.1,127093.54
15.0,55499.50
15.0,57854.42
15.0,57261.46
15.0,56948.27
15.0,56074.64
15.0,60174.67
15.0,65684.84
15.0,57099.69
15.0,123997.61
15.0,123618.41
15.0,124446.72
15.0,123462.95
15.0,121584.35
15.0,124740.38
15.0,125286.19
15.0,120433.71
15.0,125377.63
15.0,125286.19
15.0,122823.01
15.0,124469.26
15.0,125492.11
15.0,122102.84
15.0,124831.02
15.0,125400.50
15.0,121929.52
15.0,125194.89
15.0,125400.50
15.0,121670.46
15.1,124559.50
15.1,124536.93
15.1,122102.84
15.1,124627.27
15.1,124559.50
15.1,121843.04
15.1,125469.19
15.1,125286.19
15.1,121048.93
15.1,124831.02
15.1,124446.72
15.1,124921.79
15.1,123818.88
15.1,120096.95
15.1,125286.19
15.1,124921.79
15.1,121929.52
15.1,125103.73
15.1,125652.73
15.1,124649.88
15.1,125583.84
15.1,124536.93
15.1,121756.69
15.1,123285.75
15.1,125492.11
15.1,121584.35
15.1,125675.71
15.1,125103.73
15.1,121735.12
15.1,125583.84
15.1,125400.50
15.1,124266.68
15.1,125035.44
15.1,124559.50
15.1,124446.72
15.1,125286.19
15.1,125469.19
16.0,117973.35
16.0,117489.27
16.0,119408.30
16.0,119429.05
16.0,119595.33
16.0,118809.61
16.0,119741.20
16.0,119574.52
16.0,117248.72
16.0,118727.50
16.0,117328.80
16.0,114742.82
16.0,118891.83
16.0,119574.52
16.0,118974.16
16.0,117730.82
16.0,118809.61
16.0,117912.62
16.0,119408.30
16.0,119077.24
16.0,119242.54
16.0,119325.36
16.0,117168.76
16.0,119077.24
16.0,119159.83
16.0,118727.50
16.0,119325.36
16.0,118748.02
16.0,118074.70
16.0,117831.75
16.0,119491.35
16.0,118318.66
16.0,119408.30
16.0,118665.99
16.0,119595.33
16.1,117993.61
16.1,117009.16
16.1,119491.35
16.1,119159.83
16.1,118809.61
16.1,119657.80
16.1,118974.16
16.1,118074.70
16.1,118155.91
16.1,119762.07
16.1,117993.61
16.1,119429.05
16.1,119242.54
16.1,118974.16
16.1,119574.52
16.1,119139.18
16.1,116513.19
16.1,118748.02
16.1,117811.55
16.1,118645.51
16.1,118891.83
16.1,118809.61
16.1,119491.35
16.1,118481.86
16.1,118155.91
16.1,119491.35
16.1,119491.35
16.1,118400.20
16.1,119159.83
16.1,119159.83
16.1,117650.19
16.1,119242.54
16.1,118912.40
16.1,119408.30
16.1,119408.30
17.0,126438.78
17.0,120623.97
17.0,124921.79
17.0,125859.85
17.0,125469.19
17.0,128543.73
17.0,120518.20
17.0,128064.62
17.0,125859.85
17.0,123818.88
17.0,119242.54
17.0,127589.08
17.0,117068.96
17.0,123285.75
17.0,122298.41
17.0,120265.10
17.0,122823.01
17.0,123087.01
17.0,120878.59
17.0,123374.28
17.0,123175.26
17.0,122647.65
17.0,122823.01
17.0,123352.14
17.0,121735.12
17.0,123529.53
17.0,122910.89
17.0,121584.35
17.0,123440.77
17.0,122998.88
17.0,122385.53
17.0,124469.26
17.0,124559.50
17.0,123440.77
17.0,124356.64
17.0,124649.88
17.0,123285.75
17.1,124740.38
17.1,123997.61
17.1,124469.26
17.1,124379.14
17.1,120878.59
17.1,124087.17
17.1,124831.02
17.1,121134.28
17.1,124627.27
17.1,124740.38
17.1,120518.20
17.1,123462.95
17.1,124446.72
17.1,120180.97
17.1,124289.16
17.1,124379.14
17.1,119929.28
17.1,123908.18
17.1,123997.61
17.1,120793.60
17.1,124469.26
17.1,124559.50
17.1,120687.53
17.1,123997.61
17.1,124559.50
17.1,120518.20
17.1,124379.14
17.1,124559.50
17.1,121305.34
17.1,123997.61
17.1,123729.70
17.1,123263.64
17.1,123818.88
17.1,123908.18
17.1,120096.95
17.1,123551.74
17.1,124559.50
18.0,115223.80
18.0,123997.61
18.0,121241.14
18.0,121391.06
18.0,124831.02
18.0,125035.44
18.0,118318.66
18.0,123440.77
18.0,120942.41
18.0,124740.38
18.0,120265.10
18.0,120539.34
18.0,123818.88
18.0,124740.38
18.0,120772.37
18.0,124356.64
18.0,124921.79
18.0,121305.34
18.0,124559.50
18.0,124921.79
18.0,121584.35
18.0,119845.62
18.0,123263.64
18.0,121134.28
18.0,124649.88
18.0,124921.79
18.0,121562.85
18.0,125012.69
18.0,125103.73
18.0,119242.54
18.0,124356.64
18.0,124469.26
18.0,120539.34
18.0,124289.16
18.0,123640.66
18.0,120539.34
18.1,123908.18
18.1,123818.88
18.1,120096.95
18.1,123818.88
18.1,121412.50
18.1,124649.88
18.1,124199.31
18.1,121756.69
18.1,125035.44
18.1,124921.79
18.1,120772.37
18.1,125012.69
18.1,124356.64
18.1,121219.75
18.1,124649.88
18.1,125194.89
18.1,123618.41
18.1,124740.38
18.1,124469.26
18.1,124087.17
18.1,123818.88
18.1,121562.85
18.1,122647.65
18.1,124176.86
18.1,122823.01
18.1,122998.88
18.1,124379.14
18.1,121305.34
18.1,122189.68
18.1,124740.38
18.1,120708.72
18.1,122735.27
18.1,124649.88
18.1,124740.38
18.1,123285.75
18.1,124831.02
18.1,124536.93
19.0,121048.93
19.0,124559.50
19.0,124649.88
19.0,119242.54
19.0,121412.50
19.0,123997.61
19.0,121391.06
19.0,124536.93
19.0,121219.75
19.0,123997.61
19.0,121048.93
19.0,115223.80
19.0,116414.50
19.0,124266.68
19.0,123087.01
19.0,124536.93
19.0,124356.64
19.0,123197.34
19.0,122910.89
19.0,121907.89
19.0,123640.66
19.0,123729.70
19.0,123551.74
19.0,121134.28
19.0,124559.50
19.0,120708.72
19.0,118994.76
19.0,124469.26
19.0,123462.95
19.0,108871.16
19.0,109513.11
19.0,104787.25
19.0,114284.84
19.0,119762.07
19.0,120539.34
19.0,122385.53
19.1,125859.85
19.1,130546.12
19.1,118645.51
19.1,106723.83
19.1,105252.68
19.1,107273.61
19.1,107407.75
19.1,118400.20
19.1,118074.70
19.1,113529.62
19.1,117328.80
19.1,117248.72
19.1,117489.27
19.1,124559.50
19.1,124740.38
19.1,119657.80
19.1,124649.88
19.1,119741.20
19.1,121476.89
19.1,124356.64
19.1,123440.77
19.1,124087.17
19.1,124446.72
19.1,122450.96
19.1,124356.64
19.1,122016.12
19.1,121476.89
19.1,124019.99
19.1,123818.88
19.1,121048.93
19.1,124469.26
19.1,124087.17
19.1,121498.37
19.1,121929.52
19.1,123997.61
20.0,121843.04
20.0,124446.72
20.0,124740.38
20.0,118054.42
20.0,121843.04
20.0,120623.97
20.0,114513.38
20.0,114685.38
20.0,113905.98
20.0,121134.28
20.0,119077.24
20.0,120539.34
20.0,119657.80
20.0,124559.50
20.0,119408.30
20.0,124289.16
20.0,124740.38
20.0,121562.85
20.0,124740.38
20.0,123908.18
20.0,120963.70
20.0,123997.61
20.0,124266.68
20.0,121562.85
20.0,124831.02
20.0,121391.06
20.0,112765.80
20.0,114133.00
20.0,112360.16
20.0,118216.89
20.0,124379.14
20.0,120878.59
20.0,124289.16
20.0,124176.86
20.0,120370.43
20.0,121584.35
20.1,124649.88
20.1,121305.34
20.1,124559.50
20.1,113342.37
20.1,117811.55
20.1,118727.50
20.1,112673.35
20.1,113137.10
20.1,113062.65
20.1,116197.97
20.1,114456.16
20.1,114608.87
20.1,112988.29
20.1,114513.38
20.1,114685.38
20.1,113361.06
20.1,124446.72
20.1,122625.76
20.1,122998.88
20.1,124831.02
20.1,120265.10
20.1,124559.50
20.1,123640.66
20.1,121562.85
20.1,124266.68
20.1,122016.12
20.1,121305.34
20.1,114761.99
20.1,119077.24
20.1,115378.57
20.1,118400.20
20.1,117670.34
20.1,112305.08
20.1,120096.95
20.1,122211.41
21.0,121048.93
21.0,121670.46
21.0,120265.10
21.0,121670.46
21.0,123551.74
21.0,122998.88
21.0,122647.65
21.0,123551.74
21.0,123551.74
21.0,117993.61
21.0,122298.41
21.0,122735.27
21.0,119325.36
21.0,120602.80
21.0,123352.14
21.0,123175.26
21.0,122910.89
21.0,122016.12
21.0,122016.12
21.0,123908.18
21.0,123087.01
21.0,122276.65
21.0,123175.26
21.0,122189.68
21.0,121670.46
21.0,121843.04
21.0,119845.62
21.0,123818.88
21.0,123352.14
21.0,119762.07
21.0,123997.61
21.0,121391.06
21.0,118727.50
21.0,122472.78
21.0,123462.95
21.0,120539.34
21.0,124087.17
21.1,123197.34
21.1,119929.28
21.1,123462.95
21.1,124199.31
21.1,121412.50
21.1,122016.12
21.1,123729.70
21.1,117811.55
21.1,123908.18
21.1,121756.69
21.1,120963.70
21.1,125103.73
21.1,125194.89
21.1,124019.99
21.1,124921.79
21.1,125012.69
21.1,120793.60
21.1,124831.02
21.1,120349.35
21.1,124379.14
21.1,124199.31
21.1,123285.75
21.1,125012.69
21.1,122450.96
21.1,120180.97
21.1,124199.31
21.1,124469.26
21.1,123374.28
21.1,125035.44
21.1,124921.79
21.1,123175.26
21.1,121756.69
21.1,124649.88
21.1,120793.60
21.1,124921.79
21.1,125309.04
22.0,122016.12
22.0,124559.50
22.0,124649.88
22.0,118563.62
22.0,124649.88
22.0,123818.88
22.0,122450.96
22.0,123352.14
22.0,122016.12
22.0,120096.95
22.0,123908.18
22.0,117489.27
22.0,114208.87
22.0,124559.50
22.0,124559.50
22.0,119908.35
22.0,124266.68
22.0,124649.88
22.0,120623.97
22.0,124469.26
22.0,124469.26
22.0,121134.28
22.0,124446.72
22.0,124379.14
22.0,120793.60
22.0,123908.18
22.0,122102.84
22.0,124559.50
22.0,124649.88
22.0,122625.76
22.0,123263.64
22.0,124469.26
22.0,120518.20
22.0,124559.50
22.0,124469.26
22.0,123640.66
22.0,124087.17
22.1,124176.86
22.1,121670.46
22.1,124649.88
22.1,124356.64
22.1,123908.18
22.1,123997.61
22.1,124289.16
22.1,120878.59
22.1,124559.50
22.1,124087.17
22.1,123529.53
22.1,124176.86
22.1,124446.72
22.1,123263.64
22.1,124627.27
22.1,122102.84
22.1,124087.17
22.1,124199.31
22.1,124649.88
22.1,123930.53
22.1,124740.38
22.1,122363.74
22.1,123796.57
22.1,123908.18
22.1,124627.27
22.1,122910.89
22.1,124627.27
22.1,123640.66
22.1,123285.75
22.1,120096.95
22.1,121648.92
22.1,122450.96
22.1,122735.27
22.1,121391.06
22.1,121476.89
22.1,124176.86
23.0,122998.88
23.0,123352.14
23.0,122998.88
23.0,123175.26
23.0,124087.17
23.0,123818.88
23.0,122910.89
23.0,124536.93
23.0,123908.18
23.0,123908.18
23.0,124469.26
23.0,121843.04
23.0,120349.35
23.0,121134.28
23.0,124266.68
23.0,122647.65
23.0,124469.26
23.0,122016.12
23.0,123997.61
23.0,124921.79
23.0,124087.17
23.0,116830.12
23.0,120433.71
23.0,118563.62
23.0,118135.60
23.0,120013.06
23.0,118912.40
23.0,118912.40
23.0,117811.55
23.0,121048.93
23.0,124469.26
23.0,124831.02
23.0,120793.60
23.0,124536.93
23.0,124921.79
23.0,119159.83
23.1,124469.26
23.1,124649.88
23.1,121134.28
23.1,122102.84
23.1,123440.77
23.1,121562.85
23.1,123087.01
23.1,120687.53
23.1,119574.52
23.1,123440.77
23.1,123263.64
23.1,122276.65
23.1,124289.16
23.1,122102.84
23.1,118809.61
23.1,124649.88
23.1,120180.97
23.1,123997.61
23.1,122016.12
23.1,120963.70
23.1,124176.86
23.1,121305.34
23.1,118216.89
23.1,124356.64
23.1,124176.86
23.1,121048.93
23.1,124109.58
23.1,124649.88
23.1,122450.96
23.1,122910.89
23.1,124289.16
23.1,120180.97
23.1,123087.01
23.1,123087.01
23.1,123818.88
23.1,124740.38
23.1,118912.40
24.0,118237.23
24.0,123908.18
24.0,122625.76
24.0,119824.72
24.0,119077.24
24.0,116021.40
24.0,124356.64
24.0,124087.17
24.0,120539.34
24.0,124019.99
24.0,121929.52
24.0,121476.89
24.0,124266.68
24.0,124289.16
24.0,121326.76
24.0,124289.16
24.0,124469.26
24.0,122998.88
24.0,124559.50
24.0,123908.18
24.0,123729.70
24.0,124649.88
24.0,124627.27
24.0,123908.18
24.0,124446.72
24.0,124356.64
24.0,122189.68
24.0,124019.99
24.0,124379.14
24.0,120265.10
24.0,124649.88
24.0,124289.16
24.0,121412.50
24.0,124559.50
24.0,124379.14
24.0,120772.37
24.1,124740.38
24.1,128471.63
24.1,130372.75
24.1,125583.84
24.1,119741.20
24.1,122363.74
24.1,133669.47
24.1,128664.06
24.1,126999.59
24.1,130769.70
24.1,127778.87
24.1,123352.14
24.1,127778.87
24.1,124199.31
24.1,125309.04
24.1,124289.16
24.1,122385.53
24.1,120708.72
24.1,122102.84
24.1,124740.38
24.1,120687.53
24.1,123818.88
24.1,121391.06
24.1,126531.90
24.1,128953.79
24.1,123818.88
24.1,124831.02
24.1,127969.23
24.1,125377.63
24.1,128255.84
24.1,127470.74
24.1,120708.72
24.1,127969.23
24.1,122450.96
24.1,124356.64
24.1,124831.02
24.1,123908.18
25.0,123352.14
25.0,124379.14
25.0,124379.14
25.0,120963.70
25.0,124536.93
25.0,124266.68
25.0,124087.17
25.0,124649.88
25.0,123908.18
25.0,123908.18
25.0,124649.88
25.0,121305.34
25.0,120265.10
25.0,124266.68
25.0,124356.64
25.0,123818.88
25.0,124649.88
25.0,121929.52
25.0,121391.06
25.0,124649.88
25.0,122823.01
25.0,123352.14
25.0,121305.34
25.0,120623.97
25.0,124469.26
25.0,124446.72
25.0,123440.77
25.0,124356.64
25.0,124649.88
25.0,123374.28
25.0,124559.50
25.0,124740.38
25.0,123997.61
25.0,124627.27
25.0,124469.26
25.0,123263.64
25.0,115069.45
25.1,118400.20
25.1,117148.78
25.1,119221.85
25.1,119491.35
25.1,110517.01
25.1,120793.60
25.1,123263.64
25.1,119657.80
25.1,120878.59
25.1,117650.19
25.1,119077.24
25.1,121584.35
25.1,115553.18
25.1,122735.27
25.1,123175.26
25.1,118974.16
25.1,119325.36
25.1,123285.75
25.1,122276.65
25.1,123352.14
25.1,122276.65
25.1,121756.69
25.1,123285.75
25.1,123374.28
25.1,120878.59
25.1,123551.74
25.1,123818.88
25.1,119491.35
25.1,122998.88
25.1,121134.28
25.1,119077.24
25.1,122647.65
25.1,124446.72
25.1,119574.52
25.1,123997.61
26.0,120265.10
26.0,124289.16
26.0,124559.50
26.0,123729.70
26.0,124446.72
26.0,122998.88
26.0,122801.07
26.0,124266.68
26.0,124266.68
26.0,123352.14
26.0,124266.68
26.0,123529.53
26.0,121134.28
26.0,124356.64
26.0,124266.68
26.0,113211.66
26.0,118994.76
26.0,117650.19
26.0,119491.35
26.0,119159.83
26.0,118074.70
26.0,119325.36
26.0,118912.40
26.0,121305.34
26.0,128953.79
26.0,128664.06
26.0,122538.30
26.0,129147.67
26.0,125952.12
26.0,117489.27
26.0,128857.07
26.0,126812.10
26.0,124446.72
26.0,128953.79
26.0,125952.12
26.0,121412.50
26.1,126160.23
26.1,122823.01
26.1,125560.89
26.1,129561.61
26.1,129050.66
26.1,121670.46
26.1,112747.30
26.1,123263.64
26.1,123263.64
26.1,123175.26
26.1,123551.74
26.1,122647.65
26.1,122823.01
26.1,124176.86
26.1,122016.12
26.1,121756.69
26.1,121929.52
26.1,122560.15
26.1,122823.01
26.1,121305.34
26.1,119077.24
26.1,123087.01
26.1,121670.46
26.1,121756.69
26.1,123109.06
26.1,122472.78
26.1,122823.01
26.1,121929.52
26.1,122102.84
26.1,122735.27
26.1,119908.35
26.1,122472.78
26.1,122647.65
26.1,122102.84
26.1,121219.75
26.1,122998.88
26.1,122910.89
27.0,127873.98
27.0,128255.84
27.0,133982.21
27.0,129855.40
27.0,129855.40
27.0,130670.24
27.0,124536.93
27.0,128471.63
27.0,130844.40
27.0,124379.14
27.0,134112.95
27.0,134217.73
27.0,119325.36
27.0,129050.66
27.0,125012.69
27.0,128064.62
27.0,132739.96
27.0,128543.73
27.0,132305.50
27.0,127778.87
27.0,130273.89
27.0,129855.40
27.0,122276.65
27.0,131269.30
27.0,128184.06
27.0,130175.18
27.0,134559.38
27.0,130249.20
27.0,128664.06
27.0,126252.94
27.0,126999.59
27.0,123551.74
27.0,124649.88
27.0,133461.79
27.0,127093.54
27.0,128447.62
27.0,125492.11
27.0,120708.72
27.1,124379.14
27.1,124740.38
27.1,122735.27
27.1,124469.26
27.1,123551.74
27.1,123197.34
27.1,124289.16
27.1,124379.14
27.1,123197.34
27.1,119574.52
27.1,122016.12
27.1,124559.50
27.1,121305.34
27.1,118074.70
27.1,124176.86
27.1,124379.14
27.1,122298.41
27.1,124469.26
27.1,124289.16
27.1,123285.75
27.1,124199.31
27.1,124559.50
27.1,122450.96
27.1,124266.68
27.1,124469.26
27.1,123087.01
27.1,124289.16
27.1,124559.50
27.1,120518.20
27.1,113585.91
27.1,117228.72
27.1,112066.99
27.1,127187.63
27.1,122102.84
27.1,114608.87
27.1,120518.20
27.1,121391.06
28.0,120878.59
28.0,124266.68
28.0,117811.55
28.0,124356.64
28.0,117569.68
28.0,116355.36
28.0,121391.06
28.0,119077.24
28.0,119491.35
28.0,122910.89
28.0,118645.51
28.0,115864.91
28.0,121584.35
28.0,121843.04
28.0,123374.28
28.0,122910.89
28.0,123618.41
28.0,122016.12
28.0,122385.53
28.0,123908.18
28.0,121648.92
28.0,124266.68
28.0,124087.17
28.0,119908.35
28.0,124559.50
28.0,122189.68
28.0,122298.41
28.0,122910.89
28.0,120857.33
28.0,123087.01
28.0,124356.64
28.0,122276.65
28.0,123462.95
28.0,122189.68
28.0,119077.24
28.0,124087.17
28.1,124379.14
28.1,122735.27
28.1,123818.88
28.1,124559.50
28.1,120265.10
28.1,121821.44
28.1,124266.68
28.1,122998.88
28.1,123263.64
28.1,124199.31
28.1,122450.96
28.1,114360.92
28.1,122998.88
28.1,120857.33
28.1,122910.89
28.1,123352.14
28.1,122823.01
28.1,123263.64
28.1,122276.65
28.1,122647.65
28.1,124289.16
28.1,120963.70
28.1,124019.99
28.1,123818.88
28.1,121219.75
28.1,124469.26
28.1,124087.17
28.1,119678.64
28.1,123551.74
28.1,123908.18
28.1,122560.15
28.1,124199.31
28.1,124019.99
28.1,121391.06
28.1,123997.61
28.1,124536.93
29.0,128857.07
29.0,131069.00
29.0,127897.78
29.0,125103.73
29.0,128255.84
29.0,127873.98
29.0,127565.39
29.0,128471.63
29.0,126160.23
29.0,127683.90
29.0,128160.16
29.0,121219.75
29.0,117328.80
29.0,124176.86
29.0,121648.92
29.0,123551.74
29.0,124176.86
29.0,124559.50
29.0,119762.07
29.0,124559.50
29.0,124536.93
29.0,122823.01
29.0,124266.68
29.0,124266.68
29.0,122276.65
29.0,124649.88
29.0,124087.17
29.0,123175.26
29.0,123109.06
29.0,124199.31
29.0,122276.65
29.0,123997.61
29.0,122910.89
29.0,123551.74
29.0,133695.48
29.0,129439.59
29.0,126718.56
29.1,123997.61
29.1,124176.86
29.1,123618.41
29.1,124266.68
29.1,123529.53
29.1,122560.15
29.1,123908.18
29.1,124356.64
29.1,123997.61
29.1,124289.16
29.1,124446.72
29.1,120602.80
29.1,124087.17
29.1,124469.26
29.1,120265.10
29.1,123908.18
29.1,123175.26
29.1,121735.12
29.1,123818.88
29.1,120602.80
29.1,124289.16
29.1,123529.53
29.1,121134.28
29.1,123818.88
29.1,123818.88
29.1,121412.50
29.1,124199.31
29.1,124289.16
29.1,120623.97
29.1,123618.41
29.1,122102.84
29.1,121929.52
29.1,124176.86
29.1,123997.61
29.1,122647.65
29.1,124446.72
29.1,123818.88
